{
    "$schema": "https://schema.management.azure.com/schemas/2015-01-01/deploymentParameters.json#",
    "contentVersion": "1.0.0.0",
    "parameters": {
        "location": {
            "value": "westus3"
        },
        "networkInterfaceName2": {
            "value": "myvm316_z2"
        },
        "networkSecurityGroupName": {
            "value": "myVM-nsg"
        },
        "networkSecurityGroupRules": {
            "value": [
                {
                    "name": "RDP",
                    "properties": {
                        "priority": 300,
                        "protocol": "TCP",
                        "access": "Allow",
                        "direction": "Inbound",
                        "sourceAddressPrefix": "*",
                        "sourcePortRange": "*",
                        "destinationAddressPrefix": "*",
                        "destinationPortRange": "3389"
                    }
                }
            ]
        },
        "subnetName": {
            "value": "default"
        },
        "virtualNetworkName": {
            "value": "myVM-vnet"
        },
        "addressPrefixes": {
            "value": [
                "10.0.0.0/16"
            ]
        },
        "subnets": {
            "value": [
                {
                    "name": "default",
                    "properties": {
                        "addressPrefix": "10.0.0.0/24"
                    }
                }
            ]
        },
        "publicIpAddressName2": {
            "value": "myVM-ip"
        },
        "publicIpAddressType": {
            "value": "Static"
        },
        "publicIpAddressSku": {
            "value": "Standard"
        },
        "pipDeleteOption": {
            "value": "Detach"
        },
        "virtualMachineName": {
            "value": "myVM"
        },
        "virtualMachineName2": {
            "value": "myVM"
        },
        "virtualMachineComputerName2": {
            "value": "myVM"
        },
        "virtualMachineRG": {
            "value": "Aula01"
        },
        "osDiskType": {
            "value": "Standard_LRS"
        },
        "osDiskDeleteOption": {
            "value": "Delete"
        },
        "virtualMachineSize": {
            "value": "Standard_E2s_v3"
        },
        "nicDeleteOption": {
            "value": "Detach"
        },
        "hibernationEnabled": {
            "value": false
        },
        "adminUsername": {
            "value": "azureuser"
        },
        "adminPassword": {
            "value": null
        },
        "patchMode": {
            "value": "AutomaticByOS"
        },
        "enablePeriodicAssessment": {
            "value": "ImageDefault"
        },
        "enableHotpatching": {
            "value": false
        },
        "securityType": {
            "value": "TrustedLaunch"
        },
        "secureBoot": {
            "value": true
        },
        "vTPM": {
            "value": true
        },
        "virtualMachine2Zone": {
            "value": "2"
        },
        "autoShutdownStatus": {
            "value": "Enabled"
        },
        "autoShutdownTime": {
            "value": "01:00"
        },
        "autoShutdownTimeZone": {
            "value": "UTC"
        },
        "autoShutdownNotificationStatus": {
            "value": "Enabled"
        },
        "autoShutdownNotificationLocale": {
            "value": "pt-br"
        },
        "autoShutdownNotificationEmail": {
            "value": "bielhenry@outlook.com"
        },
        "backupVaultName": {
            "value": "defaultVault"
        },
        "backupFabricName": {
            "value": "Azure"
        },
        "backupVaultRGName": {
            "value": "Aula01"
        },
        "backupVaultRGIsNew": {
            "value": true
        },
        "backupPolicyName": {
            "value": "EnhancedPolicy-mcct4fa6"
        },
        "backupPolicySchedule": {
            "value": {
                "schedulePolicyType": "SimpleSchedulePolicyV2",
                "scheduleRunFrequency": "Hourly",
                "hourlySchedule": {
                    "interval": 4,
                    "scheduleWindowStartTime": "2021-07-26T08:00:00Z",
                    "scheduleWindowDuration": 12
                }
            }
        },
        "backupPolicyRetention": {
            "value": {
                "retentionPolicyType": "LongTermRetentionPolicy",
                "dailySchedule": {
                    "retentionTimes": [
                        "2025-06-26T14:00:00.000Z"
                    ],
                    "retentionDuration": {
                        "count": 30,
                        "durationType": "Days"
                    }
                },
                "weeklySchedule": null,
                "monthlySchedule": null,
                "yearlySchedule": null
            }
        },
        "backupPolicyTimeZone": {
            "value": "UTC"
        },
        "backupInstantRpRetentionRangeInDays": {
            "value": 7
        },
        "backupInstantRPDetails": {
            "value": {
                "azureBackupRGNamePrefix": "",
                "azureBackupRGNameSuffix": ""
            }
        },
        "backupItemName": {
            "value": "vm;iaasvmcontainerv2;Aula01;myVM"
        }
    }
}