{
    "$schema": "http://schema.management.azure.com/schemas/2015-01-01/deploymentTemplate.json#",
    "contentVersion": "1.0.0.0",
    "parameters": {
        "location": {
            "type": "string"
        },
        "networkInterfaceName2": {
            "type": "string"
        },
        "networkSecurityGroupName": {
            "type": "string"
        },
        "networkSecurityGroupRules": {
            "type": "array"
        },
        "subnetName": {
            "type": "string"
        },
        "virtualNetworkName": {
            "type": "string"
        },
        "addressPrefixes": {
            "type": "array"
        },
        "subnets": {
            "type": "array"
        },
        "publicIpAddressName2": {
            "type": "string"
        },
        "publicIpAddressType": {
            "type": "string"
        },
        "publicIpAddressSku": {
            "type": "string"
        },
        "pipDeleteOption": {
            "type": "string"
        },
        "virtualMachineName": {
            "type": "string"
        },
        "virtualMachineName2": {
            "type": "string"
        },
        "virtualMachineComputerName2": {
            "type": "string"
        },
        "virtualMachineRG": {
            "type": "string"
        },
        "osDiskType": {
            "type": "string"
        },
        "osDiskDeleteOption": {
            "type": "string"
        },
        "virtualMachineSize": {
            "type": "string"
        },
        "nicDeleteOption": {
            "type": "string"
        },
        "hibernationEnabled": {
            "type": "bool"
        },
        "adminUsername": {
            "type": "string"
        },
        "adminPassword": {
            "type": "secureString"
        },
        "patchMode": {
            "type": "string"
        },
        "enablePeriodicAssessment": {
            "type": "string"
        },
        "enableHotpatching": {
            "type": "bool"
        },
        "securityType": {
            "type": "string"
        },
        "secureBoot": {
            "type": "bool"
        },
        "vTPM": {
            "type": "bool"
        },
        "virtualMachine2Zone": {
            "type": "string"
        },
        "autoShutdownStatus": {
            "type": "string"
        },
        "autoShutdownTime": {
            "type": "string"
        },
        "autoShutdownTimeZone": {
            "type": "string"
        },
        "autoShutdownNotificationStatus": {
            "type": "string"
        },
        "autoShutdownNotificationLocale": {
            "type": "string"
        },
        "autoShutdownNotificationEmail": {
            "type": "string"
        },
        "backupVaultName": {
            "type": "string"
        },
        "backupFabricName": {
            "type": "string"
        },
        "backupVaultRGName": {
            "type": "string"
        },
        "backupVaultRGIsNew": {
            "type": "bool"
        },
        "backupPolicyName": {
            "type": "string"
        },
        "backupPolicySchedule": {
            "type": "object"
        },
        "backupPolicyRetention": {
            "type": "object"
        },
        "backupPolicyTimeZone": {
            "type": "string"
        },
        "backupInstantRpRetentionRangeInDays": {
            "type": "int"
        },
        "backupInstantRPDetails": {
            "type": "object"
        },
        "backupItemName": {
            "type": "string"
        }
    },
    "variables": {
        "nsgId": "[resourceId(resourceGroup().name, 'Microsoft.Network/networkSecurityGroups', parameters('networkSecurityGroupName'))]",
        "vnetName": "[parameters('virtualNetworkName')]",
        "vnetId": "[resourceId(resourceGroup().name,'Microsoft.Network/virtualNetworks', parameters('virtualNetworkName'))]",
        "subnetRef": "[concat(variables('vnetId'), '/subnets/', parameters('subnetName'))]"
    },
    "resources": [
        {
            "name": "[parameters('networkInterfaceName2')]",
            "type": "Microsoft.Network/networkInterfaces",
            "apiVersion": "2022-11-01",
            "location": "[parameters('location')]",
            "dependsOn": [
                "[concat('Microsoft.Network/networkSecurityGroups/', parameters('networkSecurityGroupName'))]",
                "[concat('Microsoft.Network/virtualNetworks/', parameters('virtualNetworkName'))]",
                "[concat('Microsoft.Network/publicIpAddresses/', parameters('publicIpAddressName2'))]"
            ],
            "properties": {
                "ipConfigurations": [
                    {
                        "name": "ipconfig1",
                        "properties": {
                            "subnet": {
                                "id": "[variables('subnetRef')]"
                            },
                            "privateIPAllocationMethod": "Dynamic",
                            "publicIpAddress": {
                                "id": "[resourceId(resourceGroup().name, 'Microsoft.Network/publicIpAddresses', parameters('publicIpAddressName2'))]",
                                "properties": {
                                    "deleteOption": "[parameters('pipDeleteOption')]"
                                }
                            }
                        }
                    }
                ],
                "networkSecurityGroup": {
                    "id": "[variables('nsgId')]"
                }
            },
            "tags": {
                "Teste": "50,00"
            }
        },
        {
            "name": "[parameters('networkSecurityGroupName')]",
            "type": "Microsoft.Network/networkSecurityGroups",
            "apiVersion": "2020-05-01",
            "location": "[parameters('location')]",
            "properties": {
                "securityRules": "[parameters('networkSecurityGroupRules')]"
            },
            "tags": {
                "Teste": "50,00"
            }
        },
        {
            "name": "[parameters('virtualNetworkName')]",
            "type": "Microsoft.Network/virtualNetworks",
            "apiVersion": "2024-01-01",
            "location": "[parameters('location')]",
            "properties": {
                "addressSpace": {
                    "addressPrefixes": "[parameters('addressPrefixes')]"
                },
                "subnets": "[parameters('subnets')]"
            },
            "tags": {
                "Teste": "50,00"
            }
        },
        {
            "name": "[parameters('publicIpAddressName2')]",
            "type": "Microsoft.Network/publicIpAddresses",
            "apiVersion": "2020-08-01",
            "location": "[parameters('location')]",
            "properties": {
                "publicIpAllocationMethod": "[parameters('publicIpAddressType')]"
            },
            "sku": {
                "name": "[parameters('publicIpAddressSku')]"
            },
            "zones": [
                "[parameters('virtualMachine2Zone')]"
            ],
            "tags": {
                "Teste": "50,00"
            }
        },
        {
            "name": "[parameters('virtualMachineName2')]",
            "type": "Microsoft.Compute/virtualMachines",
            "apiVersion": "2024-03-01",
            "location": "[parameters('location')]",
            "dependsOn": [
                "[concat('Microsoft.Network/networkInterfaces/', parameters('networkInterfaceName2'))]"
            ],
            "properties": {
                "hardwareProfile": {
                    "vmSize": "[parameters('virtualMachineSize')]"
                },
                "storageProfile": {
                    "osDisk": {
                        "createOption": "fromImage",
                        "managedDisk": {
                            "storageAccountType": "[parameters('osDiskType')]"
                        },
                        "deleteOption": "[parameters('osDiskDeleteOption')]"
                    },
                    "imageReference": {
                        "publisher": "MicrosoftWindowsServer",
                        "offer": "WindowsServer",
                        "sku": "2022-datacenter-azure-edition",
                        "version": "latest"
                    }
                },
                "networkProfile": {
                    "networkInterfaces": [
                        {
                            "id": "[resourceId('Microsoft.Network/networkInterfaces', parameters('networkInterfaceName2'))]",
                            "properties": {
                                "deleteOption": "[parameters('nicDeleteOption')]"
                            }
                        }
                    ]
                },
                "securityProfile": {
                    "securityType": "[parameters('securityType')]",
                    "uefiSettings": {
                        "secureBootEnabled": "[parameters('secureBoot')]",
                        "vTpmEnabled": "[parameters('vTPM')]"
                    }
                },
                "additionalCapabilities": {
                    "hibernationEnabled": false
                },
                "osProfile": {
                    "computerName": "[parameters('virtualMachineComputerName2')]",
                    "adminUsername": "[parameters('adminUsername')]",
                    "adminPassword": "[parameters('adminPassword')]",
                    "windowsConfiguration": {
                        "enableAutomaticUpdates": true,
                        "provisionVmAgent": true,
                        "patchSettings": {
                            "patchMode": "[parameters('patchMode')]",
                            "assessmentMode": "[parameters('enablePeriodicAssessment')]",
                            "enableHotpatching": "[parameters('enableHotpatching')]"
                        }
                    }
                },
                "priority": "Spot",
                "evictionPolicy": "Deallocate",
                "billingProfile": {
                    "maxPrice": -1
                },
                "diagnosticsProfile": {
                    "bootDiagnostics": {
                        "enabled": true
                    }
                }
            },
            "tags": {
                "Teste": "50,00"
            },
            "zones": [
                "[parameters('virtualMachine2Zone')]"
            ]
        },
        {
            "name": "[concat('shutdown-computevm-', parameters('virtualMachineName2'))]",
            "type": "Microsoft.DevTestLab/schedules",
            "apiVersion": "2018-09-15",
            "location": "[parameters('location')]",
            "dependsOn": [
                "[concat('Microsoft.Compute/virtualMachines/', parameters('virtualMachineName2'))]"
            ],
            "properties": {
                "status": "[parameters('autoShutdownStatus')]",
                "taskType": "ComputeVmShutdownTask",
                "dailyRecurrence": {
                    "time": "[parameters('autoShutdownTime')]"
                },
                "timeZoneId": "[parameters('autoShutdownTimeZone')]",
                "targetResourceId": "[resourceId('Microsoft.Compute/virtualMachines', parameters('virtualMachineName2'))]",
                "notificationSettings": {
                    "status": "[parameters('autoShutdownNotificationStatus')]",
                    "notificationLocale": "[parameters('autoShutdownNotificationLocale')]",
                    "timeInMinutes": "30",
                    "emailRecipient": "[parameters('autoShutdownNotificationEmail')]"
                }
            },
            "tags": {
                "Teste": "50,00"
            }
        },
        {
            "apiVersion": "2017-05-10",
            "name": "BackupVaultAndOrPolicy-defaultVault-EnhancedPolicy-mcct4fa6",
            "type": "Microsoft.Resources/deployments",
            "resourceGroup": "[parameters('backupVaultRGName')]",
            "properties": {
                "mode": "Incremental",
                "template": {
                    "$schema": "https://schema.management.azure.com/schemas/2015-01-01/deploymentTemplate.json#",
                    "contentVersion": "1.0.0.0",
                    "resources": [
                        {
                            "name": "[parameters('backupVaultName')]",
                            "type": "Microsoft.RecoveryServices/vaults",
                            "apiVersion": "2016-06-01",
                            "location": "[parameters('location')]",
                            "sku": {
                                "name": "RS0",
                                "tier": "Standard"
                            },
                            "properties": {},
                            "dependsOn": [],
                            "tags": {
                                "Teste": "50,00"
                            }
                        },
                        {
                            "name": "[concat(parameters('backupVaultName'), '/', parameters('backupPolicyName'))]",
                            "apiVersion": "2017-07-01",
                            "type": "Microsoft.RecoveryServices/vaults/backupPolicies",
                            "properties": {
                                "backupManagementType": "AzureIaasVM",
                                "policyType": "V2",
                                "schedulePolicy": "[parameters('backupPolicySchedule')]",
                                "retentionPolicy": "[parameters('backupPolicyRetention')]",
                                "timeZone": "[parameters('backupPolicyTimeZone')]",
                                "instantRpRetentionRangeInDays": "[parameters('backupInstantRpRetentionRangeInDays')]",
                                "instantRPDetails": "[parameters('backupInstantRPDetails')]"
                            },
                            "dependsOn": [
                                "[resourceId(parameters('backupVaultRGName'), 'Microsoft.RecoveryServices/vaults', parameters('backupVaultName'))]"
                            ]
                        }
                    ]
                }
            }
        },
        {
            "apiVersion": "2017-05-10",
            "name": "[concat(parameters('virtualMachineName2'), '-' , 'BackupIntent')]",
            "type": "Microsoft.Resources/deployments",
            "resourceGroup": "[parameters('backupVaultRGName')]",
            "properties": {
                "mode": "Incremental",
                "template": {
                    "$schema": "https://schema.management.azure.com/schemas/2015-01-01/deploymentTemplate.json#",
                    "contentVersion": "1.0.0.0",
                    "resources": [
                        {
                            "name": "[concat(parameters('backupVaultName'), '/', parameters('backupFabricName'), '/', parameters('backupItemName'))]",
                            "apiVersion": "2017-07-01",
                            "type": "Microsoft.RecoveryServices/vaults/backupFabrics/backupProtectionIntent",
                            "properties": {
                                "friendlyName": "[concat(parameters('virtualMachineName'), 'BackupIntent')]",
                                "protectionIntentItemType": "AzureResourceItem",
                                "policyId": "[resourceId(parameters('backupVaultRGName'), 'Microsoft.RecoveryServices/vaults/backupPolicies', parameters('backupVaultName'), parameters('backupPolicyName'))]",
                                "sourceResourceId": "[resourceId(parameters('virtualMachineRG'), 'Microsoft.Compute/virtualMachines', parameters('virtualMachineName'))]"
                            }
                        }
                    ]
                }
            },
            "dependsOn": [
                "[resourceId(parameters('virtualMachineRG'), 'Microsoft.Compute/virtualMachines', parameters('virtualMachineName2'))]",
                "[concat('Microsoft.Resources/deployments', '/', 'BackupVaultAndOrPolicy-defaultVault-EnhancedPolicy-mcct4fa6')]"
            ]
        }
    ],
    "outputs": {
        "adminUsername": {
            "type": "string",
            "value": "[parameters('adminUsername')]"
        }
    }
}